Word,Frequency
Schezwan,1
Paneer,10
Paratha,2
recipe,31
is,74
out,33
now,9
on,40
my,19
YouTube,19
channel!,6
Check,12
it,29
out!,4
My,2
schezwan,2
paneer,8
paratha,2
a,93
Quesadilla,1
inspired,1
info,1
Chinese,3
which,16
super,3
easy,6
to,63
prep,1
&,55
turns,5
be,4
delicious.,1
Whole,1
wheat,3
"chapati,",1
"filling,",3
Frankie,1
masala,5
cheese!,1
the,97
now!,5
.,56
#recipe,6
#foodporn,12
#paratha,1
#indianfood,9
#streetfoodindia,9
#quesadilla,1
#quesadillas,1
#foodie,8
#foodpics,6
#mumbaistreetfood,5
#streetfood,17
#sanjyotkeer,10
#yourfoodlab,10
Atom,3
Bomb,3
Chaat,3
by,13
Chef,4
@sanjyotkeer,4
ATOM,2
BOMB,2
CHAAT!!,2
What???,2
You,6
guys,3
went,2
crazy,2
after,2
I,32
shot,2
this,25
shared,4
stories.,2
So,8
finally,4
and,78
it‚Äôs,4
an,11
amazing,4
chaat,10
healthy,12
full,11
of,64
flavor.,3
Scooped,2
Boiled,2
Aloo,3
cups,5
filled,2
with,49
filling,4
topped,2
home,2
made,6
"chutneys,",3
flavor,5
bomb,6
too.,4
have,22
taken,2
inspiration,2
from,16
Kuliya,4
prepped,6
scooping,2
fruits,2
veggies,2
make,10
them,2
then,7
adding,2
it.,6
version,2
am,4
calling,2
because,2
looks,2
like,14
small,4
atom,2
in,49
true,2
sense!,2
NOW!,2
Cheers!,9
#chaat,2
#aloo,2
#aloorecipes,2
#chaatlover,2
#chaatlove,2
#indianstreetfood,6
#recipes,2
#inovation,2
#atombomb,2
#streetphotography,2
Healthy,2
Peri,4
Wrap,2
What‚Äôs,4
up,10
guys!,2
keep,2
asking,2
me,8
for,29
some,18
quick,3
recipes,2
one,11
beautiful,3
recipe.,3
peri,6
veggie,2
green,2
whole,4
wrap,2
"spinach,",2
garlic,6
dip,5
using,2
curd,2
not,5
mayo,2
hot,6
sauce,8
that,22
kick.,2
The,17
roll,2
comes,4
together,7
beautifully,3
tastes,2
incredible.,2
This,6
how,5
you,21
can,2
really,4
interesting,2
will,7
cater,2
your,22
street,3
food,7
cravings,2
Do,4
try,5
check,5
now.,2
Link,6
bio.,3
#indiancuisine,6
#wrap,2
#roll,2
#paneer,4
#paneerrecipes,4
#paneerlover,2
#paneerroll,2
#instadaily,4
Mexican,2
Rice,1
Recipe,1
channel,3
out!!!,1
know,4
were,1
waiting,1
had,5
received,1
so,4
many,7
DMs,1
one.,1
all,11
yours.,1
prepared,4
rice,3
2,9
ways.,1
first,2
pit,2
second,2
leftover,1
simple,5
prepare.,1
#mexicanfood,1
#mexicanrice,1
#mexicancuisine,1
#mexicanfoodporn,1
#foodphotography,1
#streetfoodmumbai,1
#food,1
#foodstagram,3
#indiaclicks,1
Crispy,3
Corn,3
crispy,10
corn,8
YFL,2
lot,8
times,2
such,2
get,5
wrong,2
times.,2
coating,2
frying,2
tricky,2
very,8
way,3
go,2
wrong.,2
Also,4
tossed,2
red,2
usually,2
we,10
restaurants.,2
perfect.,2
speaking,2
"corn,",2
reminds,2
fries,2
gone,2
"viral,",2
has,11
over,4
50,3
million,2
views,2
Facebook,3
often,2
see,2
trick,2
being,3
tried,2
channels,2
feel,2
proud,2
about,4
thinking,2
redo,2
twists,2
"time,",2
let,5
comments,2
if,4
should,5
do,7
that!,2
#crispy,2
#corn,3
#sweetcorn,2
#cornrecipe,2
#homemade,4
#streetfoodlover,2
YouTube!,1
No,4
Onion,2
Garlic,2
Tikka,4
Masala,3
Guys!,2
receive,2
requests,2
prepare,3
no,7
onion,2
recipes.,2
"you,",2
beautiful.,2
included,3
starter,2
"recipe,",2
tikka,4
also,4
kickass,2
know!,2
#recipeoftheday,2
#foodiesofinstagram,6
#paneertikka,2
#paneertikkamasala,2
#resturant,2
#restuarantstyle,2
#noonionnogarlic,2
Restaurant,1
style,2
Biwi,1
Ke,5
Haath,1
Ki,1
Gol,2
Rotiya,1
üíû.,2
#dilsefoodie,8
After,1
Wedding,1
Ceremony,1
-,5
She,2
Made,1
Sooji,1
Ka,2
Halwa,1
First,2
Time,2
At,5
Her,3
New,2
House,2
@sukirti.sdhana,4
Well,1
Done,1
üòç.,1
Food,7
Review,1
With,3
üíû,1
@veruanofficial,1
Jangpura,1
Extension.,1
Abhi,1
Bhi,1
Hai,3
Nikal,1
Le,1
",",6
Shaadi,2
Baad,1
Sab,1
Change,2
Ho,2
"Jayega,",1
Apni,1
Marji,1
Se,2
Bahar,1
Nahi,1
Jaa,1
"Payega,",1
Matlab,1
Barbadi,1
etc,2
etc.,2
Yehi,1
sab,1
suna,1
hai,1
maine,2
pichle,1
ek,1
mahine,1
se.,1
It's,1
In,8
Your,3
Hand,1
Agar,1
Bonding,1
Achi,1
Understanding,1
"Ho,",1
Treat,1
Like,2
Special,2
One,1
And,2
Then,1
Will,1
Life,1
Good,1
Sense,1
Only.,1
Variety,1
Of,2
Momos,2
@brownmunde_india,1
Paschim,1
Vihar,1
Koi,2
West,2
Delhi,5
To,2
Tag,3
Karo,1
?,2
Lotan,1
Chole,2
Kulche,1
From,1
Chawri,1
Bazar,1
Many,1
People,1
Don't,1
It,2
Because,1
High,1
Spice,2
Level.,1
But,2
Can,1
Customise,1
According,1
Taste.,1
Malai,1
Making,4
ü•∞,1
Punjab,1
"Dairy,",1
Model,1
Town,1
2.,6
Lover,1
Full,1
Detailed,1
Video,1
Available,1
On,2
Our,3
Page,1
:,5
Dil,1
Foodie,1
Getting,1
Ready,1
For,3
Chapter,1
Vlogs,1
Coming,1
Soon.,1
Bhabhi,1
ki,5
shaadi,1
par,1
aapne,1
mujhe,1
jo,1
Pyaari,1
Wishes,1
waale,1
message,1
bheje,1
woh,1
aage,1
Convey,1
kar,1
diye,1
jee.,1
Karan,1
Bhai,1
aur,1
se,1
aap,1
sabko,1
Thank,1
"hai,",1
Jhappi,1
de,1
naal,1
üòä,1
@mistertikku,1
#DilSeFoodieDaVyah,1
Got,2
Engaged,1
Famous,2
Khaja,1
Suratü§©ü§©,1
Kindly,4
watch,5
video,9
"location,",4
price,4
other,5
detailsü§óü§ó,4
#foodieincarnate,8
#sodelhi,6
#newdelhi,6
#foodtalkindia,6
#delhigram,6
#delhifoodblogger,6
#foodgasm,4
#foodpornshare,4
#foodlover,4
#foodgram,4
#delhistreetfood,4
#delhifoodie,5
#foodblogger,5
#indianfoodie,4
#desikhana,4
#indianfoodblogger,4
#indianfoodbloggers,5
#delhifood,5
#mumbai,4
#delhi,7
#surat,1
#khaja,1
Heart,1
Attack,1
Burgerüò±üò±,1
Watch,4
channel.,9
bioü§óü§ó,2
#reelitfeelit,3
#reelkarofeelkaro,3
#reelsinstagram,3
#reels,3
#butter,2
#burger,1
#ghaziabad,1
Most,1
famous,3
Khali,3
Dose,3
Indiaüòçüòç,1
at,14
rich,1
decadent,2
as,4
"buttery,",1
ghee,2
laden,1
dosa,4
or,4
Davangere,1
dose.,1
"contrary,",1
quite,1
simple.,1
Simple,1
it's,2
preperation,1
greets,1
palate.,1
While,1
well,2
"known,",1
khali,1
dose,1
relatively,1
lesser,1
known,1
but,2
share,3
aficionados.,1
most,5
shop,1
years,1
old,1
Hotel,1
Dwarka,1
NR,1
"colony,",1
Bangalore.,1
Must,1
are,13
lover.‚ù§ü§ó,1
#dosa,1
#dose,1
#southindian,1
#southindianfood,1
#nammabangalore,1
#nammabengaluru,1
#nammakarnataka,1
#bangalorefood,2
#bengaluru,1
#bangalore,1
#bangalorefoodblogger,1
#bangalorefoodies,1
#bangalorefoodie,1
#bangalore_diaries,1
#bangalorebloggers,1
#chennai,1
#mysuru,1
#delhiblogger,1
#mumbaiblogger,1
#sobangalore,1
Factory,1
TamTam,1
Vadodaraü§©ü§©,1
#vadodara,1
#namkeen,1
Butter,1
Cheese,1
Sabziü§≠ü§≠,1
#cheese,1
#kolkata,2
Stuffed,1
Rasgulla,1
take,5
away,2
Monday,1
bluesü§©ü§©,1
friends,1
who,2
love,2
itü§óü§ó,1
#Foodieincarnate,2
#desifood,1
#rasgulla,1
#bengali,1
#bengalifood,1
#foodism,1
#lockdown,1
#delhifoodblog,1
#goodfood,1
#sugarcoma,1
#dessertfirst,1
#indiansweets,2
#sugarrush,1
#sugarhigh,1
#dessertgram,1
#dessertaddict,1
#dessert,1
#sweettooth,1
#mithai,2
Epic,1
Pheni,1
Delhiü§©ü§©,1
#eastdelhi,1
#pheni,1
Soybean,1
Gurudwara,1
Bangla,1
Sahibüôèüèªüôèüèª,1
bioü§ó,1
#gurudwara,1
#sikh,1
#sikhism,1
#waheguru,1
#langar,1
Dress,1
Impress?,1
"Sorry,",1
shoes,2
talking!,1
these,5
pair,2
fausto_online.,1
They,5
offer,1
great,1
comfort,2
affordable,2
price.,1
15,1
"days,",1
question,1
asked,1
return,1
policy!,1
#Fausto,1
#FaustoShoes,1
#formalshoes,1
#shoes,1
#mensshoes,1
#mensfashion,1
#fashion,1
#casualshoes,1
#leathershoes,1
#sneakers,1
#mensstyle,1
#loafers,1
#menswear,1
#menshoes,1
#formalshoesformen,1
#shoesaddict,1
#dressshoes,1
#footwear,1
#shoesforsale,1
#sportsshoes,1
#formal,1
#shoesformen,1
#formalwear,1
#shoestyle,1
#boots,1
#onlineshopping,1
#style,1
#leather,1
#classicshoes,1
@fausto_online,1
Monsoon,2
Dal,1
Vada,1
Ahmedabadü§©ü§©,1
#ahmedabad,1
#dalvada,1
#HotFind,3
#Rakhi,2
üéÅ,2
Looking,1
win,2
brownie,1
points,1
Raksha,2
Bandhan,2
perfect,2
present,1
"sibling,",1
Look,1
further!,1
We've,1
put,1
guide,1
task,1
tad,1
bit,1
easier:,1
1.,5
@rosarte.chocolate,1
offering,2
exquisite,1
selection,1
Belgian,2
single,2
origin,1
chocolate,9
bakes,1
packed,3
Rosarte‚Äôs,1
signature,2
gift,8
"boxes,",3
hampers,2
baskets!,1
Location:,10
Delhi.,5
@le15india,1
doing,5
wide,2
range,2
rakhi,4
boxes,2
yummy,1
cupcakes,1
delicious,1
macaroons.,1
Mumbai.,4
3.,5
@tobehonestfoods,1
cute,1
nostalgic,1
goodies,1
hamper,2
sibling,1
trip,1
down,1
memory,1
lane.,1
Pan,1
India.,2
4.,4
@caarafood,1
limited,2
edition,2
edit,1
collection,2
brother,1
sister,1
collaboration,1
@ikkis.21,1
5.,4
@holybelly_foodboutique,1
gourmet,2
classic,1
French,1
patisserie,1
handcrafted,3
breads,1
dessert,1
must,1
haves.,1
6.,1
@theobromapatisserie,1
assortment,1
their,6
Mini,1
"Brownies,",1
along,2
ceremonial,1
"kumkum,",1
rakhis.,1
It‚Äôs,2
available,5
stories,3
pre-orders!,1
"Mumbai,",1
"NCR,",1
Pune,1
Hyderabad.,1
7.,1
@miampatisserie,1
designed,2
box,5
Rakhi,3
you‚Äôll,1
"find,",1
dark,2
orange,1
loaf,1
"cake,",1
salted,1
caramel,1
centred,1
chip,2
"cookies,",1
pack,1
granola.,1
8.,1
@krishicress,1
loved,1
ones,2
created,1
Gift,1
each,2
blue,1
pottery,1
rakhi!,1
Location:Delhi,1
NCR.,2
9.,1
@meethi_bywokintheclouds,1
curated,4
consist,1
handpicked,1
"rakhis,",1
ornamental,1
teeka,1
"box,",1
assorted,1
mithai,1
handmade,1
almond,1
drop,2
chocolates,1
gold,1
glass,2
jar.,1
Head,2
meethi.in,1
place,4
orders.,1
10.,1
@bili.hu.coffees,1
x,2
@darimafarms,1
@pieassimpleas,1
come,3
special,3
Bili,1
Hu,1
Cold,1
brew,1
"bag,",1
zarai,1
cheese,2
gruyere,1
"cheese,",1
granola,1
"Jar,",1
cookies,4
rakhis!,1
#FoodThatIsBetterThanSex,1
ü§§,1
#Potato,1
üòçü•î,1
"Fried,",1
"baked,",1
"boiled,",1
mashed,1
"roasted,",1
humble,2
"potato,",1
versatile,1
vegetable,2
never,1
fails,1
hit,1
spot.,1
Here,1
few,1
potato,1
dishes,1
us,4
scream,1
delight!,1
COMMENT,1
BELOW,1
AND,1
TELL,1
US,1
YOUR,1
FAVOURITES!,1
üì∏:,1
@pinterestindia,1
Skip,1
basic,2
indulge,2
cool,1
experiences,1
sibling:,1
Become,1
wine,8
snob,1
@sonalholland_masterofwine,1
‚Äòs,2
pro,2
"course,",1
understanding,1
what,5
"is,",1
taste,1
serve,1
tips,1
read,1
labels,1
wines,1
food.,1
Italian,1
brunch,1
cook-off,1
hosted,1
@foodhallcookerystudio,1
head,2
link,4
bio,4
book,1
sibling.,1
Train,1
become,2
professional,1
taster,1
@kocoatrait,1
foundation,1
course.,1
An,2
ideal,1
coffee,2
"lover,",1
@smthingsbrewing,1
one-stop-shop,1
things,2
"coffee,",1
specialty,1
high-quality,1
Finum,1
double,1
wall,1
"lid,",1
Raise,1
toast,1
taking,1
bartending,1
workshop,1
mixology,1
Skyy,1
John,1
person,1
behind,1
"channel,",1
@tipsybartender,1
#NewInTown,2
#Mumbai,1
@joshihouse,1
A,1
contemporary,1
haveli,1
replaced,1
iconic,1
Pali,3
Village,2
Cafe,1
feels,1
less,1
"restaurant,",1
more,3
"well-travelled,",1
nomadic,1
tastemaker's,1
airy,1
bungalow,1
somewhere,1
Rajasthan.,1
Joshi,1
"House,",1
"Cafe,",1
serves,1
only,2
wine.,1
extensive,2
list,2
culminates,1
pageful,1
"approachable,",1
playful,1
"cocktails,",1
white,2
slightly,1
savoury,1
infusing,1
kadipatta,1
sparkling,1
spiked,1
hazelnut,1
vanilla.,2
menu,5
features,1
plates,1
"large,",1
something,1
everyone.,1
Here‚Äôs,1
sneak,1
peak,2
into,2
menu:,1
Khasta,1
kachori,1
blanketed,1
mutton,1
"kheema,",1
"unctuous,",1
throat-tingling,1
nihari,1
jus.,1
On-the-shell,1
lobster,1
"Shetty,",1
lavished,1
seems,1
lovechild,1
roast,1
gassi.,1
Japanese-Lebanese,1
pastiche,1
miso-glazed,1
eggplant,1
billow,1
labneh,1
cumin-caramelised,1
carrots.,1
Opera,1
matcha,1
sponge,1
mango-passionfruit,1
jelly.,1
Ghewar,3
sandwiched,1
piped,1
saffron,1
rabri,1
cremeux,1
pistachios.,1
Address:,1
Plot,1
Number,1
"602,",1
Dr,1
Ambedkar,1
"Road,",1
"Naka,",1
Bandra,1
"West,",1
#InTheKitchen,2
#BeerSoakedGrilledCheese,1
üßÄüç∫,1
INGREDIENTS,2
*,33
large,6
eggs,3
1,8
cup,1
lager,1
beer,1
tsp.,3
powder,3
Pinch,1
chilli,2
4,3
slices,3
sourdough,1
tbsp.,4
butter,2
shredded,1
cheddar,2
6,1
"bacon,",1
cooked,1
DIRECTIONS,2
shallow,1
"dish,",1
whisk,3
"eggs,",1
"beer,",1
"powder,",2
powder.,1
Add,4
"bread,",1
soaking,1
30,1
seconds.,1
skillet,2
medium,1
"heat,",2
melt,2
tablespoons,1
butter.,2
two,2
soaked,1
bread,1
cook,2
minutes.,1
Flip,1
"one,",1
top,1
half,1
bacon.,1
Sandwich,1
remaining,1
slice,1
bread.,1
Cook,2
until,4
sandwich,1
deeply,1
"golden,",3
5,3
minutes,3
per,2
side.,2
Repeat,1
sandwich.,1
Credits:,2
@delish,2
#HotFinds,1
üî•üå∂,1
that'll,1
nose,1
"run,",1
eyes,1
"water,",1
heart,1
yearn!,1
Hot,2
brands,2
#BOMBüí£,1
@naaginsauce,1
Offers,2
three,1
variants,2
‚Äî,1
"Original,",1
Smoky,2
"Bhoot,",1
Kantha,1
Bomb.,1
go-to,2
Bhoot,1
profile,1
that's,1
built,1
base,1
"celery,",1
"onions,",1
garlic!,1
@spriggourmet,1
fiery,1
Bhut,2
Jolokia,2
Habanero,1
Premium,1
Wood-Aged,1
sauce!,1
@eldiablosauces,1
Their,1
popular,5
spicy,2
sauces,2
include,1
Cranberry,1
Ghost,2
"Chili,",2
Super,1
Honey,1
Boom,1
"Boom,",1
Boom.,1
"Baconite,",1
India‚Äôs,1
bacon,1
pieces,1
"it,",1
bomb!,1
@not_just_hot_saucesandmore,1
homemade,3
artisanal,1
wok,1
"sauces,",2
spice,1
"mixes,",1
"marinades,",1
@picosauces,1
:They,1
embrace,1
flavors,1
aromas,1
Indian,4
cuisine.,1
retail,1
six,1
sauces‚ÄîBambaiyya,1
Hari,1
"Chutney,",2
"Sauce,",3
Green,1
Chilli,2
Imli,1
Makhani,1
Mango,1
Sauce.,1
Have,2
missed,2
any?,2
Comment,2
tell,2
#AddToCart,2
#GIVEAWAYALERT,1
#FTIFindOfTheMonth,1
Small,1
bits,1
end,1
ice,2
cream,3
cones,1
could,1
ever,2
enough,1
"of,",1
@wafflehouse_in,3
just,3
those,1
flavours,5
"chocolate,",4
milk,3
"butterscotch,",1
choco,1
dipped,2
more.,1
lucky,1
stand,1
chance,1
heavenly,2
"product,",1
here‚Äôs,1
need,1
do:,1
Tell,1
what‚Äôs,1
favorite,1
Waffle,1
cookie,1
flavour?,1
fellow,1
waffle,5
lovers,1
you‚Äôd,1
with!,1
Follow,1
waffles,1
fresh,2
"batter,",1
loaded,1
about!,1
Aside,1
they,2
insane,1
"chips,",1
"chocolates,",1
pancake,4
premixes,1
sauces.,1
Everything,1
freshly,2
made!,1
Over,1
100,1
varieties,1
choose,1
from!,1
PS.,1
contest,1
open,3
PAN,1
India,1
closes,1
16th,1
"August,",1
12,1
PM.,1
#Delhi,1
@the_pit_by_hman,2
ü•©ü•ìüçñüçî,1
@hman_bbq,1
been,3
our,14
juiciest,1
"ribs,",1
"steaks,",1
meat!,1
cozy,1
8-seater,1
grill,1
counter,1
joint,1
going,2
"big,",1
welcome,1
exciting,2
new,1
addition,1
city‚Äôs,1
dining,1
scene.,1
Pit,1
name,2
suggests,1
live,3
BBQ,1
capital,1
"witness,",1
we‚Äôre,1
talking,1
"hogs,",1
"t-bones,",1
"briskets,",1
few!,1
slow,1
"cooking,",1
smoking,1
meat,2
"hours,",1
wholesome,2
messy,1
grilled,1
perfection.,1
doors,1
14th,1
August,2
Basant,1
Lok,1
"Market,",1
Priya,1
Complex.,1
Mark,1
calendars,1
üóì,1
ü•üüòç,1
undeniably,1
snack,1
country,1
got,1
absolutely,1
heavenlyü§§,1
@prasuma_official,1
crushing,1
ready-to-eat,2
momos,6
different,1
Original,2
"Chicken,",2
Spicy,1
Vegetable,1
Pork.,1
@fattigerindia,1
"yummy,",1
"extra-juicy,",1
mouth-watering,1
succulent,1
@steamupfoods,1
does,1
irresistible,1
ready-to-steam,1
"paneer,",1
jalapeno,1
more!,1
@momokingofficial,1
beetroot,1
ladaki,1
chicken,1
"momos,",3
hands,1
@wowmomoinstant,1
recently,2
introduced,1
frozen,1
veg,1
Darjeeling,2
non-veg,1
online,1
big,2
basket,2
across,4
10,1
cities!,1
#BananaPancakeDippersüçå,1
ü•ûüç´,1
3,1
"bananas,",1
halved,1
sliced,1
lengthwise,1
batch,1
batter,2
(see,1
below),1
Melted,1
dipping,1
PANCAKE,2
BATTER,1
1/2,2
c.,3
all-purpose,1
flour,1
baking,2
brown,2
sugar,1
kosher,1
salt,1
3/4,1
sour,2
pure,1
vanilla,1
extract,1
FOR,3
THE,2
BATTER:,1
"bowl,",3
"flour,",1
"sugar,",1
salt.,1
separate,1
"cream,",1
add,1
time.,2
Stir,1
wet,1
ingredients,2
dry,1
stir,1
wooden,1
spoon,1
combined.,1
STOVETOP,1
bananas,3
batter.,1
medium-low,1
Serve,2
melted,2
dipping.,2
AIR,1
FRYER,1
Line,1
air,1
fryer,1
parchment,2
paper,1
grease,1
cooking,1
spray.,1
Working,1
"batches,",1
layer,1
paper.,1
350¬∞,1
16,1
Dhaba,1
tandoori,1
aalu,2
experience,2
"Murthal,",1
Haryana,2
@dfwexplore,3
drooling,5
@gulshandhaba,1
#dhaba,1
#dhabafood,1
#murthal,1
#highwayfood,1
#highwaydhaba,1
#parantha,1
#alooparatha,1
#tandooriparatha,1
#dfwinmurthal,1
#walkwithdfw,1
#walkwithanubhav,1
Sawan,1
mithaiyan,1
/,1
Sweet,1
Delights,1
@theindiansavouries,1
YT,1
#gujiya,1
#ghewar,2
#sweets,1
#fini,1
#monsoonsweets,1
#delhihomechefs,1
honeycomb,1
traditional,2
sweet,1
mostly,1
eaten,1
festivals,1
"Teej,",1
Holi.,1
North,2
If,1
craving,1
ghewar,2
around,2
Sonipat,8
deemed,1
hub,1
state.,1
lined,1
numerous,1
shops,1
almost,1
round,1
clock,1
during,2
season,1
i.e,1
monsoon,2
Wondering,1
where,2
search,1
best,1
episode,6
#teej,2
#haryaliteej,1
#happyteej,1
#faridabadfood,1
#faridabadfoodtour,1
#dfwinfaridabad,1
#faridabadstreetfood,1
#foodtour,5
#foodwalk,5
#foodwalkswithanubhav,5
FOOD,1
CONTENT,1
CREATION,1
AUR,1
BAHUT,1
KUCH,1
BY,1
ANUBHAV,1
SAPRA,1
UPCOMING,1
WORKSHOP,1
S,1
Are,1
enthusiast,1
looking,1
forward,2
turning,1
passion,1
lucrative,1
profession?,1
Just,1
"Anubhav,",1
someone,1
intrigued,1
realm,1
culinary,1
storytelling,1
infinite,1
canvas,1
"culture,",1
don't,1
start,1
journey,2
stay,1
tuned,1
upcoming,1
hand,2
course,1
would,1
answer,1
queries.,1
Presented,1
Anubhav,1
"himself,",1
sessions,1
equip,1
tools,1
knowledge,1
successful,2
content,1
creator,1
ideas,1
world.,1
P.s.,1
Limited,1
seats,1
only.,1
hurry,1
up!,1
Enroll,1
LINK,1
IS,1
IN,1
BIO,1
During,1
Street,5
exploration,1
thoroughly,1
enjoyed,1
non,1
onion-garlic,1
breakfast,2
platter,2
Pandit,1
Ji,2
Mashoor,1
Bhature,1
stall,1
situated,1
right,1
inside,1
Sabzi,1
Mandi,1
(wholesale,1
market).,1
genial,1
owner,1
Vicky,1
long,1
serving,1
options,1
"vendors,",1
"workers,",1
farmers,1
visitors,1
rate.,1
service,1
till,1
afternoon.,1
light,1
tasty,1
apart,1
crowd,1
"mandi,",1
people,1
nearby,1
places,1
too,1
back,1
home.,1
bedmi,1
"puri,",1
"sabzi,",1
"chole,",1
kadhi,1
mixed,1
achar.,1
details,4
Tour,4
#sonipatfoodtour,4
#dfwinsonipat,4
#sonipatstreetfood,4
We,1
opportunity,1
called,1
Nani,1
Nuskhe,1
@punjabgrillofficial,1
Aerocity,1
hosts,1
Community,1
Stories,1
Series.,1
scrumptious,1
prized,1
wisdom,1
grannies.,1
latest,1
12th,2
September,1
2021,1
outlets,1
NCR,1
(except,1
Cyberhub).,1
#NanikeNushke,1
#nuskhenanike,1
#nushke,1
#dinelikeamaharaja,1
#punjabgrill,1
#finedining,1
#healthyfood,1
#foodfestival,1
#eats,1
#communityandfoodstories,1
#foodstorieswithdfw,1
enjoy,3
details.,1
Channel.,1
Click,2
amused,1
side,1
destinations.,1
Tune,2
unravel,1
aloo,1
puri,1
"platter,",1
sensational,1
"dog,",1
brilliant,1
churned,1
things.,1
Happy,1
viewing.,1
Hello,1
folks!,1
9,1
pm,1
tonight.,1
amusing,1
city,1
@anubhav.sapra,1
host,1
@parasnassa319,1
introduces,1
"fascinating,",1
heartwarming,1
vendors.,1
SONIPAT,1
GHEWAR,1
TRAIL,1
sweet.,1
#sonipat,1
#haryana,1
#indiansweet,1
#rakshabandhan,1
